Explore McCormick;https://www.mccormick.northwestern.edu/explore/index.html
McCormick Advising System;https://www.mccormick.northwestern.edu/offices-services/index.html#advising
Daniel Abrams;https://www.mccormick.northwestern.edu/profiles/abrams-daniel.html
Jan Achenbach;https://www.mccormick.northwestern.edu/profiles/achenbach-jan.html
Bruce Ankenman;https://www.mccormick.northwestern.edu/profiles/ankenman-bruce.html
Casey Ankeny;https://www.mccormick.northwestern.edu/profiles/ankeny-casey.html
Daniel Apley;https://www.mccormick.northwestern.edu/profiles/apley-daniel.html
Brenna Argall;https://www.mccormick.northwestern.edu/profiles/argall-brenna.html
Ludmilla Aristilde;https://www.mccormick.northwestern.edu/profiles/aristilde-ludmilla.html
Koray Aydin;https://www.mccormick.northwestern.edu/profiles/aydin-koray.html
Vadim Backman;https://www.mccormick.northwestern.edu/profiles/backman-vadim.html
Neda Bagheri;https://www.mccormick.northwestern.edu/profiles/bagheri-neda.html
Oluwaseyi Balogun;https://www.mccormick.northwestern.edu/profiles/balogun-oluwaseyi.html
Scott Barnett;https://www.mccormick.northwestern.edu/profiles/barnett-scott.html
Alvin Bayliss;https://www.mccormick.northwestern.edu/profiles/bayliss-alvin.html
Michael Bedzyk;https://www.mccormick.northwestern.edu/profiles/bedzyk-michael.html
Randall Berry;https://www.mccormick.northwestern.edu/profiles/berry-randy.html
Larry Birnbaum;https://www.mccormick.northwestern.edu/profiles/birnbaum-larry.html
Neal Blair;https://www.mccormick.northwestern.edu/profiles/blair-neal.html
Laurence Booth;https://www.mccormick.northwestern.edu/profiles/booth-larry.html
Ordel Brown;https://www.mccormick.northwestern.edu/profiles/brown-ordel.html
Giuseppe Buscarnera;https://www.mccormick.northwestern.edu/profiles/buscarnera-giuseppe.html
Arthur Butz;https://www.mccormick.northwestern.edu/profiles/butz-arthur.html
Simone Campanoni;https://www.mccormick.northwestern.edu/profiles/campanoni-simone.html
Jian Cao;https://www.mccormick.northwestern.edu/profiles/cao-jian.html
Stephen Carr;https://www.mccormick.northwestern.edu/profiles/carr-stephen.html
Robert Chang;https://www.mccormick.northwestern.edu/profiles/chang-robert.html
Wei Chen;https://www.mccormick.northwestern.edu/profiles/chen-wei.html
Yan Chen;https://www.mccormick.northwestern.edu/profiles/chen-yan.html
David Chopp;https://www.mccormick.northwestern.edu/profiles/chopp-david.html
Karen Chou;https://www.mccormick.northwestern.edu/profiles/chou-karen.html
Alok Choudhary;https://www.mccormick.northwestern.edu/profiles/choudhary-alok.html
Mark Clark;https://www.mccormick.northwestern.edu/profiles/clark-mark.html
Jennifer Cole;https://www.mccormick.northwestern.edu/profiles/cole-jennifer.html
James Conley;https://www.mccormick.northwestern.edu/profiles/conley-james.html
Noshir Contractor;https://www.mccormick.northwestern.edu/profiles/contractor-noshir.html
David Corr;https://www.mccormick.northwestern.edu/profiles/corr-david.html
Buckley Crist;https://www.mccormick.northwestern.edu/profiles/crist-buckley.html
Gianluca Cusatis;https://www.mccormick.northwestern.edu/profiles/cusatis-gianluca.html
Stephen Davis;https://www.mccormick.northwestern.edu/profiles/davis-stephen.html
Anindya De;https://www.mccormick.northwestern.edu/profiles/de-anindya.html
Emma DeCosta;https://www.mccormick.northwestern.edu/profiles/decosta-emma.html
Christos Dimoulas;https://www.mccormick.northwestern.edu/profiles/dimoulas-christos.html
Peter Dinda;https://www.mccormick.northwestern.edu/profiles/dinda-peter.html
Douglas Downey;https://www.mccormick.northwestern.edu/profiles/downey-douglas.html
David Dunand;https://www.mccormick.northwestern.edu/profiles/dunand-david.html
Matthew Elwin;https://www.mccormick.northwestern.edu/profiles/elwin-matthew.html
Jonathan Emery;https://www.mccormick.northwestern.edu/profiles/emery-jonathan.html
Robby Findler;https://www.mccormick.northwestern.edu/profiles/findler-robert.html
Richard Finno;https://www.mccormick.northwestern.edu/profiles/finno-richard.html
Ken Forbus;https://www.mccormick.northwestern.edu/profiles/forbus-ken.html
Robert Fourer;https://www.mccormick.northwestern.edu/profiles/fourer-robert.html
David Gatchell;https://www.mccormick.northwestern.edu/profiles/gatchell-david.html
Elizabeth Gerber;https://www.mccormick.northwestern.edu/profiles/gerber-elizabeth.html
Sandip Ghosal;https://www.mccormick.northwestern.edu/profiles/ghosal-sandip.html
Nathan Gianneschi;https://www.mccormick.northwestern.edu/profiles/gianneschi-nathan.html
Adam Goodman;https://www.mccormick.northwestern.edu/profiles/goodman-adam.html
Matthew Grayson;https://www.mccormick.northwestern.edu/profiles/grayson-matthew.html
Jie Gu;https://www.mccormick.northwestern.edu/profiles/gu-jie.html
Dongning Guo;https://www.mccormick.northwestern.edu/profiles/guo-dongning.html
Ping Guo;https://www.mccormick.northwestern.edu/profiles/guo-ping.html
Ahmad Hadavi;https://www.mccormick.northwestern.edu/profiles/hadavi-ahmad.html
James Hambleton;https://www.mccormick.northwestern.edu/profiles/hambleton-james.html
Nikos Hardavellas;https://www.mccormick.northwestern.edu/profiles/hardavellas-nikos.html
Erica Hartmann;https://www.mccormick.northwestern.edu/profiles/hartmann-erica.html
Mitra Hartmann;https://www.mccormick.northwestern.edu/profiles/hartmann-mitra.html
Gordon Hazen;https://www.mccormick.northwestern.edu/profiles/hazen-gordon.html
Larry Henschen;https://www.mccormick.northwestern.edu/profiles/henschen-larry.html
Walter Herbst;https://www.mccormick.northwestern.edu/profiles/herbst-walter.html
Josiah Hester;https://www.mccormick.northwestern.edu/profiles/hester-josiah.html
Greg Holderfield;https://www.mccormick.northwestern.edu/profiles/holderfield-greg.html
Michael Honig;https://www.mccormick.northwestern.edu/profiles/honig-michael.html
Michael Horn;https://www.mccormick.northwestern.edu/profiles/horn-michael.html
Ian Horswill;https://www.mccormick.northwestern.edu/profiles/horswill-ian.html
Jiaxing Huang;https://www.mccormick.northwestern.edu/profiles/huang-jiaxing.html
Yonggang Huang;https://www.mccormick.northwestern.edu/profiles/huang-yonggang.html
Jessica Hullman;https://www.mccormick.northwestern.edu/profiles/hullman-jessica.html
Michael Jewett;https://www.mccormick.northwestern.edu/profiles/jewett-mike.html
Zhe Ji;https://www.mccormick.northwestern.edu/profiles/ji-zhe.html
Derk Joester;https://www.mccormick.northwestern.edu/profiles/joester-derk.html
Mark Johnson;https://www.mccormick.northwestern.edu/profiles/johnson-mark.html
Russell Joseph;https://www.mccormick.northwestern.edu/profiles/joseph-russ.html
Neha Kamat;https://www.mccormick.northwestern.edu/profiles/kamat-neha.html
William Kath;https://www.mccormick.northwestern.edu/profiles/kath-william.html
Sinan Keten;https://www.mccormick.northwestern.edu/profiles/keten-sinan.html
Pedram Khalili;https://www.mccormick.northwestern.edu/profiles/khalili-pedram.html
Samir Khuller;https://www.mccormick.northwestern.edu/profiles/khuller-samir.html
Diego Klabjan;https://www.mccormick.northwestern.edu/profiles/klabjan-diego.html
Sridhar Krishnaswamy;https://www.mccormick.northwestern.edu/profiles/krishnaswamy-sridhar.html
Simge Kucukyavuz;https://www.mccormick.northwestern.edu/profiles/kucukyavuz-simge.html
Manohar Kulkarni;https://www.mccormick.northwestern.edu/profiles/kulkarni-manohar.html
Prem Kumar;https://www.mccormick.northwestern.edu/profiles/kumar-prem.html
Aleksandar Kuzmanovic;https://www.mccormick.northwestern.edu/profiles/kuzmanovic-aleksandar.html
Victor Lefevre;https://www.mccormick.northwestern.edu/profiles/lefevre-victor.html
Josh Leonard;https://www.mccormick.northwestern.edu/profiles/leonard-josh.html
Seth Lichter;https://www.mccormick.northwestern.edu/profiles/lichter-seth.html
John Linehan;https://www.mccormick.northwestern.edu/profiles/linehan-john.html
Vadim Linetsky;https://www.mccormick.northwestern.edu/profiles/linetsky-vadim.html
Han Liu;https://www.mccormick.northwestern.edu/profiles/liu-han.html
Julius Lucks;https://www.mccormick.northwestern.edu/profiles/lucks-julius.html
Erik Luijten;https://www.mccormick.northwestern.edu/profiles/luijten-erik.html
Kevin Lynch;https://www.mccormick.northwestern.edu/profiles/lynch-kevin.html
Hani Mahmassani;https://www.mccormick.northwestern.edu/profiles/mahmassani-hani.html
Konstantin Makarychev;https://www.mccormick.northwestern.edu/profiles/makarychev-konstantin.html
Niall Mangan;https://www.mccormick.northwestern.edu/profiles/mangan-niall.html
Madhav Mani;https://www.mccormick.northwestern.edu/profiles/mani-madhav.html
Mike Marasco;https://www.mccormick.northwestern.edu/profiles/marasco-mike.html
Luisa Marcelino;https://www.mccormick.northwestern.edu/profiles/marcelino-luisa.html
Michael Markl;https://www.mccormick.northwestern.edu/profiles/markl-michael.html
Laurence Marks;https://www.mccormick.northwestern.edu/profiles/marks-laurence.html
Eric Masanet;https://www.mccormick.northwestern.edu/profiles/masanet-eric.html
Thomas Mason;https://www.mccormick.northwestern.edu/profiles/mason-thomas.html
Sanjay Mehrotra;https://www.mccormick.northwestern.edu/profiles/mehrotra-sanjay.html
Janice Mejia;https://www.mccormick.northwestern.edu/profiles/mejia-janice.html
Gokhan Memik;https://www.mccormick.northwestern.edu/profiles/memik-gokhan.html
Ilya Mikhelson;https://www.mccormick.northwestern.edu/profiles/mikhelson-ilya.html
Chad Mirkin;https://www.mccormick.northwestern.edu/profiles/mirkin-chad.html
Hooman Mohseni;https://www.mccormick.northwestern.edu/profiles/mohseni-hooman.html
David Morton;https://www.mccormick.northwestern.edu/profiles/morton-david.html
Joseph Moskal;https://www.mccormick.northwestern.edu/profiles/moskal-joesph.html
Milan Mrksich;https://www.mccormick.northwestern.edu/profiles/mrksich-milan.html
Todd Murphey;https://www.mccormick.northwestern.edu/profiles/murphey-todd.html
Barry Nelson;https://www.mccormick.northwestern.edu/profiles/nelson-barry.html
Jorge Nocedal;https://www.mccormick.northwestern.edu/profiles/nocedal-jorge.html
Omid Nohadani;https://www.mccormick.northwestern.edu/profiles/nohadani-omid.html
Don Norman;https://www.mccormick.northwestern.edu/profiles/norman-don.html
Teri Odom;https://www.mccormick.northwestern.edu/profiles/odom-teri.html
Suzanne Olds;https://www.mccormick.northwestern.edu/profiles/olds-suzanne.html
Bryan Pardo;https://www.mccormick.northwestern.edu/profiles/pardo-bryan.html
Ohad Perry;https://www.mccormick.northwestern.edu/profiles/perry-ohad.html
Martin Plonus;https://www.mccormick.northwestern.edu/profiles/plonus-martin.html
Matthew Plumlee;https://www.mccormick.northwestern.edu/profiles/plumlee-matthew.html
Laleh Rad;https://www.mccormick.northwestern.edu/profiles/rad-laleh.html
Morteza Amir Rahimi;https://www.mccormick.northwestern.edu/profiles/rahimi-morteza.html
Manijeh Razeghi;https://www.mccormick.northwestern.edu/profiles/razeghi-manijeh.html
Jeffrey Richards;https://www.mccormick.northwestern.edu/profiles/richards-jeffrey.html
Hermann Riecke;https://www.mccormick.northwestern.edu/profiles/riecke-hermann.html
Chris Riesbeck;https://www.mccormick.northwestern.edu/profiles/riesbeck-chris.html
Jonathan Rivnay;https://www.mccormick.northwestern.edu/profiles/rivnay-jonathan.html
James Rondinelli;https://www.mccormick.northwestern.edu/profiles/rondinelli-james.html
Alessandro Rotta Loria;https://www.mccormick.northwestern.edu/profiles/rotta-loria-alessandro.html
Michael Rubenstein;https://www.mccormick.northwestern.edu/profiles/rubenstein-michael.html
John Rudnicki;https://www.mccormick.northwestern.edu/profiles/rudnicki-john.html
Gregory Ryskin;https://www.mccormick.northwestern.edu/profiles/ryskin-gregory.html
Peter Scheuermann;https://www.mccormick.northwestern.edu/profiles/scheuermann-peter.html
Evan Scott;https://www.mccormick.northwestern.edu/profiles/scott-evan.html
David Seidman;https://www.mccormick.northwestern.edu/profiles/seidman-david.html
Linsey Seitz;https://www.mccormick.northwestern.edu/profiles/seitz-linsey.html
Selim Shahriar;https://www.mccormick.northwestern.edu/profiles/shahriar-selim.html
Kenneth Shull;https://www.mccormick.northwestern.edu/profiles/shull-kenneth.html
Karen Smilowitz;https://www.mccormick.northwestern.edu/profiles/smilowitz-karen.html
Siavash Sohrab;https://www.mccormick.northwestern.edu/profiles/sohrab-siavash.html
Amanda Stathopoulos;https://www.mccormick.northwestern.edu/profiles/stathopoulos-amanda.html
Jeremy Staum;https://www.mccormick.northwestern.edu/profiles/staum-jeremy.html
Samuel Stupp;https://www.mccormick.northwestern.edu/profiles/stupp-samuel.html
Cheng Sun;https://www.mccormick.northwestern.edu/profiles/sun-cheng.html
Igal Szleifer;https://www.mccormick.northwestern.edu/profiles/szleifer-igal.html
Allen Taflove;https://www.mccormick.northwestern.edu/profiles/taflove-allen.html
Ajit Tamhane;https://www.mccormick.northwestern.edu/profiles/tamhane-ajit.html
Stephen Tarzia;https://www.mccormick.northwestern.edu/profiles/tarzia-stephen.html
Charles Thompson;https://www.mccormick.northwestern.edu/profiles/thompson-charles.html
Matthew Tresch;https://www.mccormick.northwestern.edu/profiles/tresch-matthew.html
Sarah Van Wart;https://www.mccormick.northwestern.edu/profiles/vanwart-sarah.html
Aravindan Vijayaraghavan;https://www.mccormick.northwestern.edu/profiles/vijayaraghavan-aravindan.html
Petia Vlahovska;https://www.mccormick.northwestern.edu/profiles/vlahovska-petia.html
Vladimir Volpert;https://www.mccormick.northwestern.edu/profiles/volpert-vladimir.html
Andreas Waechter;https://www.mccormick.northwestern.edu/profiles/waechter-andreas.html
Muzhou Wang;https://www.mccormick.northwestern.edu/profiles/wang-muzhou.html
Xiao Wang;https://www.mccormick.northwestern.edu/profiles/wang-xiao.html
Zhaoran Wang;https://www.mccormick.northwestern.edu/profiles/wang-zhaoran.html
Ermin Wei;https://www.mccormick.northwestern.edu/profiles/wei-ermin.html
George Wells;https://www.mccormick.northwestern.edu/profiles/wells-george.html
Mark Werwath;https://www.mccormick.northwestern.edu/profiles/werwath-mark.html
Bruce Wessels;https://www.mccormick.northwestern.edu/profiles/wessels-bruce.html
William White;https://www.mccormick.northwestern.edu/profiles/white-william.html
Uri Wilensky;https://www.mccormick.northwestern.edu/profiles/wilensky-uri.html
Chris Wolverton;https://www.mccormick.northwestern.edu/profiles/wolverton-chris.html
Marcelo Worsley;https://www.mccormick.northwestern.edu/profiles/worsley-marcelo.html
Ying Wu;https://www.mccormick.northwestern.edu/profiles/wu-ying.html
Horace Yuen;https://www.mccormick.northwestern.edu/profiles/yuen-horace.html
Hao Zhang;https://www.mccormick.northwestern.edu/profiles/zhang-hao.html
Haoqi Zhang;https://www.mccormick.northwestern.edu/profiles/zhang-haoqi.html
Hai Zhou;https://www.mccormick.northwestern.edu/profiles/zhou-hai.html
Qi Zhu;https://www.mccormick.northwestern.edu/profiles/zhu-qi.html
